movie_id,title
1,肖申克的救赎 The Shawshank Redemption
2,霸王别姬
3,阿甘正传 Forrest Gump
4,这个杀手不太冷 Léon
5,美丽人生 La vita è bella
6,泰坦尼克号 Titanic
7,千与千寻 千と千尋の神隠し
8,辛德勒的名单 Schindler's List
9,盗梦空间 Inception
10,忠犬八公的故事 Hachi: A Dog's Tale
11,海上钢琴师 La leggenda del pianista sull'oceano
12,楚门的世界 The Truman Show
13,三傻大闹宝莱坞 3 Idiots
14,机器人总动员 WALL·E
15,放牛班的春天 Les choristes
16,星际穿越 Interstellar
17,大话西游之大圣娶亲 西遊記大結局之仙履奇緣
18,熔炉 도가니
19,疯狂动物城 Zootopia
20,无间道 無間道
21,龙猫 となりのトトロ
22,教父 The Godfather
23,当幸福来敲门 The Pursuit of Happyness
24,怦然心动 Flipped
25,触不可及 Intouchables
26,岁月神偷 歲月神偷
27,七武士 七人の侍
28,哪吒闹海
29,我是山姆 I Am Sam
30,头号玩家 Ready Player One
31,疯狂原始人 The Croods
32,纵横四海 緃横四海
33,釜山行 부산행
34,"三块广告牌 Three Billboards Outside Ebbing, Missouri"
35,心迷宫
36,达拉斯买家俱乐部 Dallas Buyers Club
37,萤火虫之墓 火垂るの墓
38,真爱至上 Love Actually
39,荒蛮故事 Relatos salvajes
40,贫民窟的百万富翁 Slumdog Millionaire
41,东邪西毒 東邪西毒
42,哈利·波特与阿兹卡班的囚徒 Harry Potter and the Prisoner of Azkaban
43,记忆碎片 Memento
44,你的名字。 君の名は。
45,爆裂鼓手 Whiplash
46,卢旺达饭店 Hotel Rwanda
47,花样年华 花樣年華
48,黑天鹅 Black Swan
49,忠犬八公物语 ハチ公物語
50,黑客帝国3：矩阵革命 The Matrix Revolutions
51,模仿游戏 The Imitation Game
52,一个叫欧维的男人决定去死 En man som heter Ove
53,头脑特工队 Inside Out
54,哈利·波特与密室 Harry Potter and the Chamber of Secrets
55,雨人 Rain Man
56,你看起来好像很好吃 おまえうまそうだな
57,未麻的部屋 Perfect Blue
58,无敌破坏王 Wreck-It Ralph
59,新世界 신세계
60,恋恋笔记本 The Notebook
61,冰川时代 Ice Age
62,海街日记 海街diary
63,二十二
64,海边的曼彻斯特 Manchester by the Sea
65,房间 Room
66,惊魂记 Psycho
67,虎口脱险 La grande vadrouille
68,恐怖游轮 Triangle
69,奇迹男孩 Wonder
70,魔女宅急便 魔女の宅急便
71,人工智能 Artificial Intelligence: AI
72,雨中曲 Singin' in the Rain
73,疯狂的石头
74,小偷家族 万引き家族
75,爱在午夜降临前 Before Midnight
76,美国往事 Once Upon a Time in America
77,海蒂和爷爷 Heidi
78,致命魔术 The Prestige
79,低俗小说 Pulp Fiction
80,七宗罪 Se7en
81,沉默的羔羊 The Silence of the Lambs
82,蝴蝶效应 The Butterfly Effect
83,禁闭岛 Shutter Island
84,春光乍泄 春光乍洩
85,心灵捕手 Good Will Hunting
86,被嫌弃的松子的一生 嫌われ松子の一生
87,布达佩斯大饭店 The Grand Budapest Hotel
88,阿凡达 Avatar
89,剪刀手爱德华 Edward Scissorhands
90,摩登时代 Modern Times
91,勇敢的心 Braveheart
92,天使爱美丽 Le fabuleux destin d'Amélie Poulain
93,喜剧之王 喜劇之王
94,致命ID Identity
95,加勒比海盗 Pirates of the Caribbean: The Curse of the Black Pearl
96,断背山 Brokeback Mountain
97,杀人回忆 살인의 추억
98,哈利·波特与死亡圣器(下) Harry Potter and the Deathly Hallows: Part 2
99,狩猎 Jagten
100,请以你的名字呼唤我 Call Me by Your Name
101,战争之王 Lord of War
102,大佛普拉斯
103,猜火车 Trainspotting
104,疯狂的麦克斯4：狂暴之路 Mad Max: Fury Road
105,彗星来的那一夜 Coherence
106,步履不停 歩いても 歩いても
107,朗读者 The Reader
108,浪潮 Die Welle
109,小萝莉的猴神大叔 Bajrangi Bhaijaan
110,再次出发之纽约遇见你 Begin Again
111,驴得水
112,聚焦 Spotlight
113,东京物语 東京物語
114,九品芝麻官
115,追随 Following
116,哈利·波特与火焰杯 Harry Potter and the Goblet of Fire
117,一次别离 جدایی نادر از سیمین
118,千钧一发 Gattaca
119,我爱你 그대를 사랑합니다
120,黑鹰坠落 Black Hawk Down
121,四个春天
122,网络谜踪 Searching
123,发条橙 A Clockwork Orange
124,波西米亚狂想曲 Bohemian Rhapsody
125,E.T. 外星人 E.T.: The Extra-Terrestrial
126,幽灵公主 もののけ姫
127,阳光灿烂的日子
128,入殓师 おくりびと
129,小森林 夏秋篇 リトル・フォレスト 夏・秋
130,重庆森林 重慶森林
131,第六感 The Sixth Sense
132,7号房的礼物 7번방의 선물
133,消失的爱人 Gone Girl
134,红辣椒 パプリカ
135,小森林 冬春篇 リトル・フォレスト 冬・春
136,爱在黎明破晓前 Before Sunrise
137,一一
138,侧耳倾听 耳をすませば
139,唐伯虎点秋香 唐伯虎點秋香
140,玛丽和马克思 Mary and Max
141,超脱 Detachment
142,倩女幽魂
143,告白
144,蝙蝠侠：黑暗骑士崛起 The Dark Knight Rises
145,大鱼 Big Fish
146,阳光姐妹淘 써니
147,甜蜜蜜
148,射雕英雄传之东成西就 射鵰英雄傳之東成西就
149,萤火之森 蛍火の杜へ
150,驯龙高手 How to Train Your Dragon
151,罗生门 羅生門
152,终结者2：审判日 Terminator 2: Judgment Day
153,海洋 Océans
154,初恋这件小事 สิ่งเล็กเล็กที่เรียกว่า...รัก
155,魂断蓝桥 Waterloo Bridge
156,燃情岁月 Legends of the Fall
157,绿里奇迹 The Green Mile
158,可可西里
159,穿越时空的少女 時をかける少女
160,2001太空漫游 2001: A Space Odyssey
161,牯岭街少年杀人事件 牯嶺街少年殺人事件
162,城市之光 City Lights
163,完美陌生人 Perfetti sconosciuti
164,无耻混蛋 Inglourious Basterds
165,新龙门客栈 新龍門客棧
166,阿飞正传 阿飛正傳
167,源代码 Source Code
168,青蛇
169,香水 Perfume: The Story of a Murderer
170,谍影重重2 The Bourne Supremacy
171,色，戒
172,地球上的星星 Taare Zameen Par
173,遗愿清单 The Bucket List
174,谍影重重 The Bourne Identity
175,血钻 Blood Diamond
176,无人知晓 誰も知らない
177,超能陆战队 Big Hero 6
178,幸福终点站 The Terminal
179,借东西的小人阿莉埃蒂 借りぐらしのアリエッティ
180,菊次郎的夏天 菊次郎の夏
181,爱在日落黄昏时 Before Sunset
182,恐怖直播 더 테러 라이브
183,完美的世界 A Perfect World
184,神偷奶爸 Despicable Me
185,"怪兽电力公司 Monsters, Inc."
186,玩具总动员3 Toy Story 3
187,功夫
188,血战钢锯岭 Hacksaw Ridge
189,风之谷 風の谷のナウシカ
190,傲慢与偏见 Pride & Prejudice
191,人生果实 人生フルーツ
192,时空恋旅人 About Time
193,上帝之城 Cidade de Deus
194,教父3 The Godfather: Part III
195,天书奇谭
196,电锯惊魂 Saw
197,喜宴 囍宴
198,英雄本色
199,被解救的姜戈 Django Unchained
200,谍影重重3 The Bourne Ultimatum
201,教父2 The Godfather: Part Ⅱ
202,指环王2：双塔奇兵 The Lord of the Rings: The Two Towers
203,狮子王 The Lion King
204,大闹天宫
205,窃听风暴 Das Leben der Anderen
206,指环王1：魔戒再现 The Lord of the Rings: The Fellowship of the Ring
207,"两杆大烟枪 Lock, Stock and Two Smoking Barrels"
208,猫鼠游戏 Catch Me If You Can
209,美丽心灵 A Beautiful Mind
210,饮食男女 飲食男女
211,钢琴家 The Pianist
212,黑客帝国 The Matrix
213,飞越疯人院 One Flew Over the Cuckoo's Nest
214,V字仇杀队 V for Vendetta
215,本杰明·巴顿奇事 The Curious Case of Benjamin Button
216,看不见的客人 Contratiempo
217,让子弹飞
218,西西里的美丽传说 Malèna
219,小鞋子 بچههای آسمان
220,拯救大兵瑞恩 Saving Private Ryan
221,海豚湾 The Cove
222,情书 Love Letter
223,穿条纹睡衣的男孩 The Boy in the Striped Pajamas
224,绿皮书 Green Book
225,音乐之声 The Sound of Music
226,蝙蝠侠：黑暗骑士 The Dark Knight
227,控方证人 Witness for the Prosecution
228,活着
229,乱世佳人 Gone with the Wind
230,寻梦环游记 Coco
231,末代皇帝 The Last Emperor
232,摔跤吧！爸爸 Dangal
233,指环王3：王者无敌 The Lord of the Rings: The Return of the King
234,何以为家 كفرناحوم
235,少年派的奇幻漂流 Life of Pi
236,飞屋环游记 Up
237,十二怒汉 12 Angry Men
238,鬼子来了
239,天空之城 天空の城ラピュタ
240,哈尔的移动城堡 ハウルの動く城
241,大话西游之月光宝盒 西遊記第壹佰零壹回之月光寶盒
242,素媛 소원
243,天堂电影院 Nuovo Cinema Paradiso
244,罗马假日 Roman Holiday
245,闻香识女人 Scent of a Woman
246,辩护人 변호인
247,哈利·波特与魔法石 Harry Potter and the Sorcerer's Stone
248,搏击俱乐部 Fight Club
249,我不是药神
250,死亡诗社 Dead Poets Society
251,李献计历险记
252,花水木 ハナミズキ
253,倾城之泪
254,恶人传 악인전
255,锈与骨 De rouille et d'os
256,大唐玄奘
257,锅匠，裁缝，士兵，间谍 Tinker Tailor Soldier Spy
258,近距离恋爱 近キョリ恋愛
259,超验骇客 Transcendence
260,女尸谜案 El cuerpo
261,传染病 Contagion
262,科洛弗悖论 The Cloverfield Paradox
263,点球成金 Moneyball
264,凉宫春日的消失 涼宮ハルヒの消失
265,高海拔之恋Ⅱ
266,深海浩劫 Deepwater Horizon
267,我的青春期
268,太平轮(下)·彼岸
269,逃出生天
270,飓风营救3 Taken 3
271,月代头布丁 ちょんまげぷりん
272,空中营救 Non-Stop
273,甜蜜杀机 甜蜜殺機
274,机械战警 RoboCop
275,潜水艇 Submarine
276,魔境仙踪 Oz: The Great and Powerful
277,不可思异
278,邻居大战 Neighbors
279,消失的凶手
280,恋爱中的城市
281,意外空间 El Incidente
282,美食、祈祷和恋爱 Eat Pray Love
283,乐高蝙蝠侠大电影 The Lego Batman Movie
284,与犯罪的战争：坏家伙的全盛时代 범죄와의 전쟁 : 나쁜놈들 전성시대
285,I型起源 I Origins
286,冰雪奇缘 Frozen
287,月满轩尼诗 月滿軒尼詩
288,一个明星的诞生 A Star Is Born
289,每分钟120击 120 battements par minute
290,有希望的男人 Muži v naději
291,变形金刚3 Transformers: Dark of the Moon
292,致青春·原来你还在这里
293,人生密密缝 彼らが本気で編むときは、
294,少年
295,人再囧途之泰囧
296,横冲直撞好莱坞
297,美国骗局 American Hustle
298,哆啦A梦：大雄的南极冰冰凉大冒险 ドラえもん のび太の南極カチコチ大冒険
299,"爱，不爱 사랑한다, 사랑하지 않는다"
300,蓝精灵：寻找神秘村 Smurfs: The Lost Village
301,会计刺客 The Accountant
302,偷心女盗 The Hustle
303,魔发精灵 Trolls
304,小小的愿望
305,三个老枪手 Going in Style
306,维多利亚一号 維多利亞壹號
307,移动迷宫2 Maze Runner: The Scorch Trials
308,变节：潜罪犯 Laughing Gor之潛罪犯
309,女巫 The VVitch: A New-England Folktale
310,唐顿庄园：2011圣诞特别篇 Downton Abbey: Christmas at Downton Abbey
311,兔子洞 Rabbit Hole
312,澄沙之味 あん
313,极乐空间 Elysium
314,金蝉脱壳 Escape Plan
315,X战警：天启 X-Men: Apocalypse
316,龙虎少年队2 22 Jump Street
317,那件疯狂的小事叫爱情
318,老师！我可以喜欢你吗？ 先生！、、、好きになってもいいですか？
319,博物馆奇妙夜3 Night at the Museum: Secret of the Tomb
320,唐顿庄园 Downton Abbey
321,原谅他77次 原諒他77次
322,希特勒回来了 Er ist wieder da
323,别让我走 Never Let Me Go
324,春娇与志明 春嬌與志明
325,诸神之怒 Wrath of the Titans
326,星运里的错 The Fault in Our Stars
327,深夜前的五分钟
328,小森林 리틀 포레스트
329,狂野目标 Wild Target
330,名侦探柯南：异次元的狙击手 名探偵コナン 異次元の狙撃手
331,夺命深渊 Sanctum
332,我家买了动物园 We Bought a Zoo
333,大追捕
334,极速天使
335,这里的黎明静悄悄 А зори здесь тихие...
336,波斯王子：时之刃 Prince of Persia: The Sands of Time
337,毒。诫 毒。誡
338,肌肤 Pieles
339,后会无期
340,多哥 Togo
341,功夫熊猫3 Kung Fu Panda 3
342,狼狈 ヘルタースケルター
343,魔女嘉莉 Carrie
344,里约大冒险2 Rio 2
345,阿修罗
346,柏林 베를린
347,魔发奇缘 Tangled
348,当怪物来敲门 A Monster Calls
349,车手
350,勇士 Warrior
351,家园防线 Homefront
352,孩子们都很好 The Kids Are All Right
353,穿靴子的猫 Puss in Boots
354,更好的世界 Hævnen
355,上海堡垒
356,饥饿游戏3：嘲笑鸟(上) The Hunger Games: Mockingjay - Part 1
357,绿灯侠 Green Lantern
358,反贪风暴3 L風暴
359,怪兽在巴黎 Un monstre à Paris
360,微微一笑很倾城
361,韩赛尔与格蕾特：女巫猎人 Hansel and Gretel: Witch Hunters
362,闺蜜2
363,勇往直前 Only the Brave
364,青年警察 청년경찰
365,长大成人 Grown Ups
366,大黄蜂 Bumblebee
367,赛德克·巴莱(上)：太阳旗 賽德克·巴萊(上)太陽旗
368,明月几时有
369,亲家过年
370,西葫芦的生活 Ma vie de courgette
371,小时代
372,太空旅客 Passengers
373,刺客聂隐娘
374,海雾 해무
375,友情以上 Friend Zone ระวัง..สิ้นสุดทางเพื่อน
376,大鱼海棠
377,依然爱丽丝 Still Alice
378,我不是王毛
379,人间·喜剧
380,巴黎宝贝
381,你的婚礼 너의 결혼식
382,圣诞玫瑰
383,印度合伙人 Padman
384,养家之人 The Breadwinner
385,勇敢者游戏：决战丛林 Jumanji: Welcome to the Jungle
386,时光尽头的恋人 The Age of Adaline
387,危城
388,追捕野蛮人 Hunt for the Wilderpeople
389,危机13小时 13 Hours: The Secret Soldiers of Benghazi
390,铁血战士 The Predator
391,决战刹马镇
392,误杀瞒天记 Drishyam
393,以女儿之名 Au nom de ma fille
394,超凡战队 Power Rangers
395,忧郁症 Melancholia
396,起跑线 Hindi Medium
397,澳门风云2 賭城風雲II
398,调音师 Andhadhun
399,速度与激情7 Furious 7
400,海吉拉
401,超感猎杀：圣诞特别篇 Sense8: A Christmas Special
402,海扁王2 Kick-Ass 2
403,冰海陷落 Hunter Killer
404,王牌逗王牌
405,杀人者的记忆法 살인자의 기억법
406,鼠胆英雄
407,黄飞鸿之英雄有梦
408,我与梦露的一周 My Week with Marilyn
409,扫毒2天地对决 掃毒2：天地對決
410,恋爱回旋 ミックス。
411,小Q
412,127小时 127 Hours
413,孤岛惊魂
414,分歧者2：绝地反击 Insurgent
415,铁道飞虎
416,搞定岳父大人
417,大象席地而坐
418,白发魔女传之明月天国
419,爱，简单 Hoje Eu Quero Voltar Sozinho
420,你眼中的世界 In Your Eyes
421,阳光普照 陽光普照
422,我们仍未知道那天所看见的花的名字 剧场版 劇場版 あの日見た花の名前を僕達はまだ知らない。
423,边境风云
424,霓虹恶魔 The Neon Demon
425,另一个地球 Another Earth
426,绝美之城 La grande Bellezza
427,罗马的房子 Habitación en Roma
428,间谍之桥 Bridge of Spies
429,极限职业 극한직업
430,闯入者
431,幸福的拉扎罗 Lazzaro felice
432,逃离德黑兰 Argo
433,相爱相亲
434,莫娣 Maudie
435,幻影车神：魔盗激情 Dhoom 3
436,东成西就2011
437,地狱男爵：血皇后崛起 Hellboy
438,悟空传
439,忌日快乐2 Happy Death Day 2U
440,隧道尽头 Al final del túnel
441,密室逃生 Escape Room
442,蜘蛛侠：平行宇宙 Spider-Man: Into the Spider-Verse
443,太极2：英雄崛起
444,我的黑色小礼服 마이 블랙 미니드레스
445,许三观 허삼관
446,美女与野兽 La belle et la bête
447,波普先生的企鹅 Mr. Popper's Penguins
448,安娜 Anna
449,胖子行动队
450,大象的眼泪 Water for Elephants
451,白宫管家 The Butler
452,宙斯之子：赫拉克勒斯 Hercules
453,美国狙击手 American Sniper
454,幽冥 Spectral
455,美人鱼
456,我爱HK 开心万岁 我愛HK 開心萬歲
457,重返20岁
458,野蛮人罗纳尔 Ronal Barbaren
459,游侠索罗：星球大战外传 Solo: A Star Wars Story
460,委托人 의뢰인
461,盲探
462,食人鱼3D Piranha
463,意外的幸运签 カラフル
464,一触即发 Jack Ryan: Shadow Recruit
465,虞美人盛开的山坡 コクリコ坂から
466,逆世界 Upside Down
467,当男人恋爱时 남자가 사랑할 때
468,大海啸之鲨口逃生 Bait 3D
469,韩公主 한공주
470,特工绍特 Salt
471,一念无明 一念無明
472,红海行动
473,分歧者3：忠诚世界 The Divergent Series: Allegiant
474,道熙呀 도희야
475,我的小公主 My Little Princess
476,比海更深 海よりもまだ深く
477,毕业会考 Bacalaureat
478,大笑江湖
479,焦点 Focus
480,幸福额度
481,海啸奇迹 Lo imposible
482,星际探索 Ad Astra
483,血肉之躯 Warm Bodies
484,超人：钢铁之躯 Man of Steel
485,无双 無雙
486,美国队长2 Captain America: The Winter Soldier
487,痛苦与荣耀 Dolor y gloria
488,侠探杰克 Jack Reacher
489,灵魂摆渡·黄泉
490,鬼故事 Ghost Stories
491,雪暴
492,黑豹 Black Panther
493,爱 Amour
494,和声 하모니
495,它在身后 It Follows
496,引爆者
497,一夜迷情 Last Night
498,死在西部的一百万种方式 A Million Ways to Die in the West
499,骗子 꾼
500,王朝的女人·杨贵妃
501,人在囧途
502,路边野餐
503,间谍同盟 Allied
504,太极1：从零开始
505,22年后的自白 22年目の告白 私が殺人犯です
506,四大名捕大结局
507,爱乐之城 La La Land
508,无名之辈
509,从你的全世界路过
510,一步之遥
511,哪吒之魔童降世
512,庸才 ヒミズ
513,盟军夺宝队 The Monuments Men
514,起风了 風立ちぬ
515,要听神明的话 神さまの言うとおり
516,米花之味
517,Hello！树先生
518,怒火保镖 Wild Card
519,全职高手之巅峰荣耀
520,怪物之子 バケモノの子
521,沉默的教室 Das schweigende Klassenzimmer
522,亲爱的
523,天才枪手 ฉลาดเกมส์โกง
524,自杀小队 Suicide Squad
525,黑暗阴影 Dark Shadows
526,猜火车2 T2 Trainspotting
527,飓风奇劫 The Hurricane Heist
528,遇见你之前 Me Before You
529,无人区
530,消失爱人
531,人狼大战 The Grey
532,海洋之歌 Song of the Sea
533,中国合伙人
534,恋人絮语 戀人絮語
535,双宝斗恶魔 Tucker & Dale vs. Evil
536,后来的我们
537,无名女尸 The Autopsy of Jane Doe
538,只有你 오직 그대만
539,玉子 옥자
540,云南虫谷
541,天堂之吻 パラダイス・キス
542,修女 The Nun
543,分歧者：异类觉醒 Divergent
544,新喜剧之王
545,惊天危机 White House Down
546,八月：奥色治郡 August: Osage County
547,只有芸知道
548,保罗 Paul
549,克劳斯：圣诞节的秘密 Klaus
550,七月与安生
551,斯托克 Stoker
552,天气预爆
553,预告犯 予告犯
554,单身指南 How to Be Single
555,深夜食堂电影版 映画 深夜食堂
556,密战
557,我11
558,燃烧 버닝
559,痞子英雄之全面开战 痞子英雄
560,唐伯虎点秋香2之四大才子
561,故事的故事 Il racconto dei racconti
562,狼少年 늑대소년
563,谍海风云 Shanghai
564,第八日的蝉 八日目の蟬
565,龙虎少年队 21 Jump Street
566,翻滚吧！阿信 翻滾吧！阿信
567,游戏之夜 Game Night
568,胡桃夹子和四个王国 The Nutcracker And The Four Realms
569,灯塔 The Lighthouse
570,月升王国 Moonrise Kingdom
571,捉迷藏 숨바꼭질
572,名侦探柯南：纯黑的恶梦 名探偵コナン 純黒の悪夢
573,肩上蝶
574,夜以继日 寝ても覚めても
575,八月
576,飞驰人生
577,蜂鸟特攻 Hummingbird
578,迷失Z城 The Lost City of Z
579,喵星人
580,"我是布莱克 I, Daniel Blake"
581,寄生兽：完结篇 寄生獣 完結編
582,飓风营救2 Taken 2
583,相助 The Help
584,妈咪 Mommy
585,人间失格 人間失格
586,青春之旅 アオハライド
587,憨豆特工2 Johnny English Reborn
588,澳门风云3 賭城風雲III
589,进击的巨人真人版：前篇 進撃の巨人 ATTACK ON TITAN
590,魔力麦克 Magic Mike
591,画皮2 畫皮Ⅱ
592,魔法保姆麦克菲2 Nanny McPhee Returns
593,滴答屋 The House with a Clock in its Walls
594,春娇救志明 春嬌救志明
595,惊天战神 Immortals
596,沉睡魔咒2 Maleficent: Mistress of Evil
597,潜伏2 Insidious: Chapter 2
598,"麦克法兰 McFarland, USA"
599,鸿门宴传奇
600,战略特勤组 Unthinkable
601,心理罪之城市之光
602,庞贝末日 Pompeii
603,五十度黑 Fifty Shades Darker
604,大约在冬季
605,鬼乡 귀향
606,冰冷热带鱼 冷たい熱帯魚
607,线人 綫人
608,帕丁顿熊 Paddington
609,我想吃掉你的胰脏 君の膵臓をたべたい
610,复仇者联盟4：终局之战 Avengers: Endgame
611,唐人街探案
612,小丑 Joker
613,纽约的一个雨天 A Rainy Day in New York
614,鬼影特攻：以暴制暴 6 Underground
615,现在去见你 지금 만나러 갑니다
616,战国
617,神奇侠侣 神奇俠侶
618,盒子怪 The Boxtrolls
619,神偷联盟 Logan Lucky
620,亲密敌人
621,骄傲 Pride
622,源氏物语：千年之谜 源氏物語 千年の謎
623,马斯顿教授与神奇女侠 Professor Marston and the Wonder Women
624,猫头鹰王国：守卫者传奇 Legend of the Guardians: The Owls of Ga'Hoole
625,无理之人 Irrational Man
626,纯洁心灵·逐梦演艺圈
627,林肯 Lincoln
628,长江图
629,方法派 메소드
630,钢铁侠2 Iron Man 2
631,被操纵的城市 조작된 도시
632,美丽密令
633,玩具总动员4 Toy Story 4
634,有种你爱我
635,澳门风云 賭城風雲
636,老兽
637,异形：契约 Alien: Covenant
638,内在美 뷰티 인사이드
639,生命之书 The Book of Life
640,同谋 同謀
641,教宗的承继 The Two Popes
642,摩纳哥王妃 Grace of Monaco
643,杀人漫画 더 웹툰 : 예고살인
644,血观音 血觀音
645,蓝色茉莉 Blue Jasmine
646,西游记之大圣归来
647,魔女 마녀
648,诺亚方舟：创世之旅 Noah
649,了不起的盖茨比 The Great Gatsby
650,极品基老伴：完结篇 Vicious Series Finale
651,布鲁克林 Brooklyn
652,听风者
653,特工 공작
654,一句顶一万句
655,迫降航班 Flight
656,老雷斯的故事 Dr. Seuss' The Lorax
657,了不起的亡灵 ステキな金縛り
658,罪恶之城2 Sin City: A Dame to Kill For
659,变身男女
660,奋斗的乔伊 Joy
661,暮光之城3：月食 The Twilight Saga: Eclipse
662,续命之徒：绝命毒师电影 El Camino: A Breaking Bad Movie
663,不求上进的玉子 もらとりあむタマ子
664,哆啦A梦：新·大雄的日本诞生 ドラえもん 新・のび太の日本誕生
665,纳尼亚传奇3：黎明踏浪号 The Chronicles of Narnia: The Voyage of the Dawn Treader
666,罪恶之家 An Inspector Calls
667,极速蜗牛 Turbo
668,海贼王剧场版Z ONE PIECE FILM Z
669,电锯惊魂7 Saw 3D: The Final Chapter
670,失孤
671,信笺故事 The Tale
672,诈欺游戏 电影版 ライアーゲーム　ザ・ファイナルステージ
673,安娜贝尔2：诞生 Annabelle: Creation
674,但丁密码 Inferno
675,美少女特攻队 Sucker Punch
676,雷神2：黑暗世界 Thor: The Dark World
677,哥斯拉2：怪兽之王 Godzilla: King of the Monsters
678,解忧杂货店
679,意外的恋爱时光
680,唯爱永生 Only Lovers Left Alive
681,女警 걸캅스
682,恋恋书中人 Ruby Sparks
683,热血青春 피끓는 청춘
684,我们所知道的生活 Life as We Know It
685,杀死比尔整个血腥事件 Kill Bill: The Whole Bloody Affair
686,鲁邦三世VS名侦探柯南 剧场版 ルパン三世vs名探偵コナン THE MOVIE
687,完美嫁衣 抱抱俏佳人
688,契克 Tschick
689,今夜在浪漫剧场 今夜、ロマンス劇場で
690,蒂莫西的奇异生活 The Odd Life of Timothy Green
691,马达加斯加3 Madagascar 3: Europe's Most Wanted
692,功夫熊猫2 Kung Fu Panda 2
693,言叶之庭 言の葉の庭
694,我知女人心
695,虎胆追凶 Death Wish
696,爆炸新闻 Bombshell
697,最佳出价 La migliore offerta
698,惊天大逆转
699,王的盛宴
700,克里斯托弗·罗宾 Christopher Robin
701,假如猫从世界上消失了 世界から猫が消えたなら
702,狗十三
703,负重前行 Cargo
704,失恋33天
705,天作谜案 Ittefaq
706,特工争风 This Means War
707,艋舺
708,加勒比海盗5：死无对证 Pirates of the Caribbean: Dead Men Tell No Tales
709,父子雄兵
710,七个神经病 Seven Psychopaths
711,十万个冷笑话
712,咱们结婚吧
713,宿醉2 The Hangover Part II
714,看见恶魔 악마를 보았다
715,百万巨鳄
716,潜伏3 Insidious: Chapter 3
717,神探亨特张
718,一念天堂
719,安娜贝尔3：回家 Annabelle Comes Home
720,超能失控 Chronicle
721,简爱 Jane Eyre
722,老千2：神之手 타짜 : 신의 손
723,预产期 Due Date
724,全城热恋
725,愤怒的黄牛 성난황소
726,长安道
727,第三度嫌疑人 三度目の殺人
728,怦然星动
729,窃听风云2
730,两只老虎
731,花椒之味
732,文科恋曲 Liberal Arts
733,孟买酒店 Hotel Mumbai
734,名侦探柯南：江户川柯南失踪事件 史上最惨的两天 名探偵コナン 江戸川コナン失踪事件～史上最悪の二日間～
735,假期历险记 Vacation
736,星球大战7：原力觉醒 Star Wars: The Force Awakens
737,国际市场 국제시장
738,水形物语 The Shape of Water
739,快手枪手快枪手
740,嘻游记
741,耐撕侦探 The Nice Guys
742,誓约 The Vow
743,你好，疯子！
744,缩小人生 Downsizing
745,吸血鬼生活 What We Do in the Shadows
746,真实 리얼
747,与玛格丽特的午后 La tête en friche
748,光棍儿
749,冷血追击 Cold Pursuit
750,哥斯拉 Godzilla
751,六福喜事
752,憨豆特工3 Johnny English Strikes Again
753,青禾男高
754,恋爱谈 연애담
755,黑子的篮球·终极一战 劇場版 黒子のバスケ LAST GAME
756,速度与激情5 Fast Five
757,生化危机4：战神再生 Resident Evil: Afterlife
758,一路顺疯
759,新乌龙院之笑闹江湖
760,夜行者 Nightcrawler
761,第三种爱情
762,乌龙特工 Central Intelligence
763,超级战舰 Battleship
764,乔布斯 Jobs
765,圣鹿之死 The Killing of a Sacred Deer
766,傲娇与偏见
767,极寒之城 Atomic Blonde
768,傲慢与偏见与僵尸 Pride and Prejudice and Zombies
769,空天猎
770,嗝嗝老师 Hichki
771,海洋天堂
772,蕾蒙娜和姐姐 Ramona and Beezus
773,龙虾刑警
774,爱丽丝梦游仙境 Alice in Wonderland
775,古墓丽影：源起之战 Tomb Raider
776,死亡医生 You Don't Know Jack
777,神探夏洛克(试播集) Sherlock S01E00 Pilot
778,太空一号 Lockout
779,邻家大贱谍 Keeping Up with the Joneses
780,最完美的离婚 2014特别篇 最高の離婚Special 2014
781,健忘村
782,黑衣女人 The Woman in Black
783,玩命直播 Nerve
784,沉默的证人
785,总有一天 Der kommer en dag
786,爱恋 Love
787,新步步惊心
788,瑞士军刀男 Swiss Army Man
789,终结者：黑暗命运 Terminator: Dark Fate
790,天机·富春山居图
791,潜伏 Insidious
792,冒牌家庭 We're the Millers
793,贵族大盗 Mortdecai
794,胡桃夹子：魔境冒险 The Nutcracker in 3D
795,闰年 Leap Year
796,帕丁顿熊2 Paddington 2
797,最终幻想15：王者之剑 Kingsglaive Final Fantasy XV
798,嫌疑人X的献身 용의자X
799,侠盗联盟 俠盜聯盟
800,我妻子的一切 내 아내의 모든 것
801,最后的风之子 The Last Airbender
802,狼的孩子雨和雪 おおかみこどもの雨と雪
803,冲锋车 衝鋒車
804,得闲炒饭 得閒炒飯
805,一切都好
806,苏丹 Sultan
807,极速车王 Ford v Ferrari
808,桃花期 モテキ
809,如影随心
810,爷们儿些 Man Up
811,寂静岭2 Silent Hill: Revelation 3D
812,我是证人
813,火星救援 The Martian
814,铁血精英 Killer Elite
815,男与女 남과여
816,飞越老人院
817,冰河追凶
818,桃姐
819,驱魔者 Priest
820,封神传奇
821,世上最美的离别 세상에서 가장 아름다운 이별
822,异星觉醒 Life
823,四大名捕
824,功夫梦 The Karate Kid
825,夜行动物 Nocturnal Animals
826,孙子从美国来
827,安娜贝尔 Annabelle
828,蚁人2：黄蜂女现身 Ant-Man and the Wasp
829,追凶者也
830,火海凌云 Экипаж
831,红鳉鱼 赤めだか
832,铁线虫入侵 연가시
833,招魂 The Conjuring
834,汉娜 Hanna
835,X战警：第一战 X-Men: First Class
836,爱的成人式 イニシエーション・ラブ
837,独立日2：卷土重来 Independence Day: Resurgence
838,猛虫过江
839,斯大林格勒 Сталинград
840,金陵十三钗
841,背水一战 The Last Stand
842,巴霍巴利王2：终结 Baahubali 2: The Conclusion
843,在一起
844,杀破狼2 殺破狼2
845,军火贩 War Dogs
846,巨人捕手杰克 Jack the Giant Slayer
847,全民目击
848,非常幸运
849,宿主 The Host
850,请叫我英雄 アイアムアヒーロー
851,午夜巴黎 Midnight in Paris
852,绝命航班 Last Flight
853,蜘蛛侠：英雄归来 Spider-Man: Homecoming
854,决战中途岛 Midway
855,撒娇女人最好命
856,金矿 Gold
857,奸臣 간신
858,蒙太奇 몽타주
859,孩子们 아이들...
860,普罗旺斯的夏天 Avis de mistral
861,给朱丽叶的信 Letters to Juliet
862,逆光飞翔 逆光飛翔
863,通灵神探 Solace
864,生化危机：复仇 バイオハザード：ヴェンデッタ
865,赴汤蹈火 Hell or High Water
866,睡在我上铺的兄弟
867,魔力月光 Magic in the Moonlight
868,蓝色骨头
869,B+侦探 B+偵探
870,屏住呼吸 Don't Breathe
871,神探驾到 浮華宴
872,夏日乐悠悠
873,陀地驱魔人 陀地驅魔人
874,无问西东
875,有钱男与贫穷女：纽约篇 リッチマン、プアウーマン in ニューヨーク
876,侠探杰克：永不回头 Jack Reacher: Never Go Back
877,僵尸 殭屍
878,一页台北 一頁台北
879,武侠
880,如父如子 そして父になる
881,箭士柳白猿
882,我不是潘金莲
883,男人不可以穷 男人唔可以窮
884,万有引力
885,追逐繁星的孩子 星を追う子ども
886,法老与众神 Exodus: Gods and Kings
887,女蛹
888,极恶非道 アウトレイジ
889,哆啦A梦：大雄的金银岛 ドラえもん のび太の宝島
890,安娜·卡列尼娜 Anna Karenina
891,过春天
892,永无止境 Limitless
893,邪不压正
894,凯文怎么了 We Need to Talk About Kevin
895,云中行走 The Walk
896,神战：权力之眼 Gods of Egypt
897,名侦探柯南：唐红的恋歌 名探偵コナン から紅の恋歌
898,犯罪都市 범죄도시
899,精灵旅社 Hotel Transylvania
900,关云长
901,触不可及(美版) The Upside
902,天使陷落 Angel Has Fallen
903,妈妈别哭 돈 크라이 마미
904,海洋深处 In the Heart of the Sea
905,新木乃伊 The Mummy
906,后备计划 The Back-Up Plan
907,神探蒲松龄
908,美国队长3 Captain America: Civil War
909,猩球崛起 Rise of the Planet of the Apes
910,黑处有什么
911,致我们终将逝去的青春
912,快乐的大脚2 Happy Feet Two
913,天才眼镜狗 Mr. Peabody & Sherman
914,逆战
915,涉足荒野 Wild
916,质朴却厉害！校阅女孩 河野悦子 地味にスゴイ！DX 校閲ガール・河野悦子
917,第五波 The 5th Wave
918,危情时速 Unstoppable
919,妈妈咪鸭
920,危情谍战 Knight and Day
921,白蛇传说
922,鼠来宝4：萌在囧途 Alvin and the Chipmunks: The Road Chip
923,玉子爱情故事 たまこラブストーリー
924,勇敢传说 Brave
925,机械师 The Mechanic
926,未来警察 未來警察
927,所以……和黑粉结婚了
928,八星抱喜
929,湄公河行动
930,国王的演讲 The King's Speech
931,天空之眼 Eye in the Sky
932,成长边缘 The Edge of Seventeen
933,挪威的森林 ノルウェイの森
934,有一个地方只有我们知道
935,音为爱 SuckSeed ห่วยขั้นเทพ
936,超体 Lucy
937,龙之谷：破晓奇兵
938,极地大冒险2 Niko 2: Lentäjäveljekset
939,恶老板 Horrible Bosses
940,三少爷的剑
941,实习生 The Intern
942,捉妖记2
943,大梦想家 Saving Mr. Banks
944,盗钥匙的方法 鍵泥棒のメソッド
945,最好的我们
946,新娘大作战
947,黑镜：圣诞特别篇 Black Mirror: White Christmas
948,断片之险途夺宝
949,特殊身份
950,弗兰兹 Frantz
951,脱轨时代
952,钢铁侠3 Iron Man 3
953,唐人街探案2
954,年轻气盛 Youth
955,福尔摩斯先生 Mr. Holmes
956,惊天破
957,廉政风云 廉政風雲 煙幕
958,丁丁历险记 The Adventures of Tintin: The Secret of the Unicorn
959,拜见岳父大人3 Little Fockers
960,劫案迷云 Stolen
961,邻居 이웃사람
962,哥哥太爱我了怎么办 兄に愛されすぎて困ってます
963,剩者为王
964,记忆中的玛妮 思い出のマーニー
965,家族之苦2 家族はつらいよ2
966,谎言西西里
967,反贪风暴4 P風暴
968,印度暴徒 Thugs of Hindostan
969,分裂 Split
970,九条命 Nine Lives
971,木星上行 Jupiter Ascending
972,真实魔鬼游戏 リアル鬼ごっこ
973,血滴子
974,帕特森 Paterson
975,霍比特人1：意外之旅 The Hobbit: An Unexpected Journey
976,绝地逃亡 Skiptrace
977,转山
978,爱出色
979,科洛弗道10号 10 Cloverfield Lane
980,三生三世十里桃花
981,死侍 Deadpool
982,极盗车神 Baby Driver
983,魁拔之十万火急
984,我们 Us
985,跟我的前妻谈恋爱
986,美姐
987,狂兽 狂獸
988,英伦对决 The Foreigner
989,猩红山峰 Crimson Peak
990,毒战 毒戰
991,致所有我曾爱过的男孩 To All the Boys I've Loved Before
992,完美感觉 Perfect Sense
993,天才少女 Gifted
994,濑户内海 セトウツミ
995,新铁血战士 Predators
996,战狼2
997,梦想合伙人
998,一个小忙 A Simple Favor
999,陆垚知马俐
1000,华丽上班族 華麗上班族
1001,地雷区 Under sandet
1002,坚不可摧 Unbroken
1003,嘉年华
1004,哪啊哪啊神去村 WOOD JOB！神去なあなあ日常
1005,真幌站前多田便利屋 まほろ駅前多田便利軒
1006,家庭作业 The Art of Getting By
1007,微爱之渐入佳境
1008,整容日记
1009,猎神：冬日之战 The Huntsman: Winter's War
1010,豪勇七蛟龙 The Magnificent Seven
1011,芳华
1012,疾速备战 John Wick: Chapter 3 - Parabellum
1013,茉莉牌局 Molly's Game
1014,城中大盗 The Town
1015,我的男友和狗 只要一分鐘
1016,爱的那点性事 The Little Death
1017,神奇动物在哪里 Fantastic Beasts and Where to Find Them
1018,悲惨世界 Les misérables
1019,观相 관상
1020,卧底巨星
1021,乘风破浪
1022,阿拉姜色
1023,驯龙高手2 How to Train Your Dragon 2
1024,小委托人 어린 의뢰인
1025,白雪公主杀人事件 白ゆき姫殺人事件
1026,盗马记 盜馬記
1027,怒 怒り
1028,巴比龙 Papillon
1029,七十七天
1030,山河故人
1031,复仇者联盟2：奥创纪元 Avengers: Age of Ultron
1032,跑调天后 Florence Foster Jenkins
1033,铁甲钢拳 Real Steel
1034,前任攻略
1035,犯罪现场 犯罪現場
1036,咖啡公社 Café Society
1037,门锁 도어락
1038,自杀专卖店 Le magasin des suicides
1039,青蜂侠 The Green Hornet
1040,佛罗里达乐园 The Florida Project
1041,亡命驾驶 Drive
1042,最强囍事 最強囍事
1043,小屁孩日记 Diary of a Wimpy Kid
1044,鸭王 鴨王
1045,幸运钥匙 럭키
1046,复仇者联盟 The Avengers
1047,伴娘 Bridesmaids
1048,北京爱情故事
1049,扑通扑通我的人生 두근두근 내 인생
1050,明日世界 Tomorrowland
1051,我的间谍前男友 The Spy Who Dumped Me
1052,王者 더 킹
1053,我的早更女友
1054,一路惊喜
1055,明日的我与昨日的你约会 ぼくは明日、昨日のきみとデートする
1056,阿黛拉的非凡冒险 Les aventures extraordinaires d'Adèle Blanc-Sec
1057,检察官外传 검사외전
1058,双子杀手 Gemini Man
1059,雄狮 Lion
1060,爱情无线牵 No Strings Attached
1061,波西·杰克逊与魔兽之海 Percy Jackson: Sea of Monsters
1062,极恶非道2 アウトレイジ ビヨンド
1063,0.5毫米 0.5ミリ
1064,消失的子弹
1065,杀戮 Carnage
1066,高地战 고지전
1067,牛仔和外星人 Cowboys & Aliens
1068,碟中谍6：全面瓦解 Mission: Impossible - Fallout
1069,疾速追杀 John Wick
1070,驯龙高手3 How to Train Your Dragon: The Hidden World
1071,暴疯语
1072,狂暴巨兽 Rampage
1073,黑暗面 La cara oculta
1074,火影忍者剧场版：博人传 BORUTO -NARUTO THE MOVIE-
1075,小丑回魂2 It: Chapter Two
1076,孤独的幸存者 Lone Survivor
1077,唐顿庄园：2012圣诞特别篇 Downton Abbey: A Journey to the Highlands
1078,浪客剑心 るろうに剣心
1079,南国野兽 Beasts of the Southern Wild
1080,罗宾汉 Robin Hood
1081,72家租客
1082,我的见鬼女友 오싹한 연애
1083,阿尔法：狼伴归途 Alpha
1084,大话天仙
1085,特别响，非常近 Extremely Loud and Incredibly Close
1086,巨鳄风暴 Crawl
1087,生存家族 サバイバルファミリー
1088,思悼 사도
1089,敦刻尔克 Dunkirk
1090,狼少女与黑王子 オオカミ少女と黒王子
1091,谜巢
1092,华颐：吞噬怪物的孩子 화이 : 괴물을 삼킨 아이
1093,摆渡人
1094,大力神 The Legend of Hercules
1095,我的P.S.搭档 나의 PS 파트너
1096,那夜凌晨，我坐上了旺角开往大埔的红VAN 那夜凌晨，我坐上了旺角開往大埔的紅VAN
1097,塔利 Tully
1098,控制
1099,气球 Ballon
1100,前任3：再见前任
1101,宅女侦探桂香
1102,快乐到家
1103,炙热 Parched
1104,升级 Upgrade
1105,代号47 Hitman: Agent 47
1106,传奇 Legend
1107,哭声 곡성
1108,魁拔之大战元泱界
1109,滚蛋吧！肿瘤君
1110,异星战场 John Carter
1111,我们的世界 우리들
1112,小时代4：灵魂尽头
1113,大侦探福尔摩斯2：诡影游戏 Sherlock Holmes: A Game of Shadows
1114,贝利叶一家 La famille Bélier
1115,银河护卫队2 Guardians of the Galaxy Vol. 2
1116,神探夏洛克：可恶的新娘 Sherlock: The Abominable Bride
1117,念念
1118,帕克 Parker
1119,我们的存在(上) 僕等がいた 前篇
1120,法官老爹 The Judge
1121,突袭 The Raid
1122,超级大坏蛋 Megamind
1123,重生男人 Repo Men
1124,叶问：终极一战 葉問：終極一戰
1125,大明劫
1126,夺命地铁 Метро
1127,第一夫人 Jackie
1128,十月初五的月光
1129,百元之恋 百円の恋
1130,夏洛特烦恼
1131,超感猎杀：完结特别篇 Sense8 Finale Special
1132,鬼夫 พี่มากพระโขนง
1133,天才捕手 Genius
1134,极速复仇 Faster
1135,致命急件 Premium Rush
1136,爸爸的假期
1137,回家的路 집으로 가는 길
1138,九层妖塔
1139,金刚：骷髅岛 Kong: Skull Island
1140,上帝之国 God's Own Country
1141,欧洲攻略
1142,百星酒店
1143,弯刀 Machete
1144,妙笔生花 The Words
1145,朝花夕誓 さよならの朝に約束の花をかざろう
1146,此房是我造 The House That Jack Built
1147,无人驾驶
1148,推拿
1149,小羊肖恩 Shaun the Sheep Movie
1150,救火英雄
1151,蚯蚓 지렁이
1152,叶问2：宗师传奇
1153,魔警
1154,深夜食堂2 続・深夜食堂
1155,歪小子斯科特对抗全世界 Scott Pilgrim vs. the World
1156,小屁孩日记2 Diary of a Wimpy Kid 2: Rodrick Rules
1157,最后的巫师猎人 The Last Witch Hunter
1158,黑夜传说4：觉醒 Underworld: Awakening
1159,名侦探柯南：业火的向日葵 名探偵コナン 業火の向日葵
1160,鱼 ギョ
1161,有完没完
1162,极线杀手 Polar
1163,白夜行
1164,机械姬 Ex Machina
1165,银河护卫队 Guardians of the Galaxy
1166,乌云背后的幸福线 Silver Linings Playbook
1167,白雪公主与猎人 Snow White and the Huntsman
1168,大世界
1169,白兔糖 うさぎドロップ
1170,死亡飞车2 Death Race 2
1171,奇幻森林 The Jungle Book
1172,皮囊之下 Under the Skin
1173,决胜时刻
1174,西游记女儿国
1175,天使的性 El sexo de los ángeles
1176,可爱的你 五個小孩的校長
1177,极盗者 Point Break
1178,绝世高手
1179,醉乡民谣 Inside Llewyn Davis
1180,阿拉丁 Aladdin
1181,黄金兄弟
1182,鼠来宝3 Alvin and the Chipmunks: Chip-Wrecked
1183,舞出我人生4 Step Up: Revolution
1184,边境杀手 Sicario
1185,过年好
1186,绝命海拔 Everest
1187,流浪地球
1188,你好，陌生人 กวน มึน โฮ
1189,从天“儿”降
1190,昆虫总动员 Minuscule: la Vallée des Fourmis Perdues
1191,向阳处的她 陽だまりの彼女
1192,柳如是
1193,天台爱情
1194,通灵男孩诺曼 ParaNorman
1195,误杀
1196,叶问前传
1197,海王 Aquaman
1198,恶之教典 悪の教典
1199,炮友 Friends with Benefits
1200,赤焰战场2 Red 2
1201,火龙对决
1202,提着心吊着胆
1203,亲爱的新年好
1204,第36个故事 第36個故事
1205,夜孔雀
1206,叶问外传：张天志 葉問外傳：張天志
1207,遗落战境 Oblivion
1208,摩天大楼 High-Rise
1209,缝纫机乐队
1210,下一任：前任
1211,出轨的女人 出軌的女人
1212,潘多拉 판도라
1213,蜡笔小新：梦境世界大突击 クレヨンしんちゃん 爆睡!ユメミーワールド大突撃
1214,绝杀慕尼黑 Движение вверх
1215,鲨滩 The Shallows
1216,少年巴比伦
1217,恋爱恐慌症
1218,食梦者 バクマン。
1219,万万没想到
1220,冰川时代5：星际碰撞 Ice Age: Collision Course
1221,雷神3：诸神黄昏 Thor: Ragnarok
1222,王牌特工：特工学院 Kingsman: The Secret Service
1223,前目的地 Predestination
1224,黑水 Dark Waters
1225,厕所英雄 Toilet - Ek Prem Katha
1226,火影忍者剧场版：终章 THE LAST -NARUTO THE MOVIE-
1227,十万个冷笑话2
1228,笔仙
1229,从今以后 Hereafter
1230,82年生的金智英 82년생 김지영
1231,刀见笑
1232,全球热恋
1233,诸神之战 Clash of the Titans
1234,中国合伙人2
1235,机械心 Jack et la mécanique du coeur
1236,东方快车谋杀案 Poirot: Murder on the Orient Express
1237,爸妈不在家 爸媽不在家
1238,星际迷航2：暗黑无界 Star Trek Into Darkness
1239,将爱情进行到底
1240,等一个人咖啡 等一個人咖啡
1241,大坏狐狸的故事 Le Grand Méchant Renard et autres contes...
1242,巨额来电
1243,超能敢死队 Ghostbusters
1244,格列佛游记 Gulliver's Travels
1245,爱丽丝梦游仙境2：镜中奇遇记 Alice Through the Looking Glass
1246,摩天楼 타워
1247,企鹅公路 ペンギン・ハイウェイ
1248,冒牌上尉 Der Hauptmann
1249,大地惊雷 True Grit
1250,“吃吃”的爱
1251,我和我的祖国
1252,天降美食2 Cloudy with a Chance of Meatballs 2
1253,灰姑娘 Cinderella
1254,秦时明月之龙腾万里
1255,摇摆de婚约
1256,脑男 脳男
1257,野马 Mustang
1258,虎胆龙威5 A Good Day to Die Hard
1259,雪怪大冒险 Smallfoot
1260,菲洛梅娜 Philomena
1261,传奇的诞生 Pelé: Birth of a Legend
1262,雪花秘扇 Snow Flower and the Secret Fan
1263,我的英雄学院：两位英雄 僕のヒーローアカデミア THE MOVIE ～2人の英雄～
1264,废柴特工 American Ultra
1265,"蝙蝠侠：黑暗骑士归来(上) Batman: The Dark Knight Returns, Part 1"
1266,一吻定情
1267,影子爱人 影子愛人
1268,爱宠大机密2 The Secret Life of Pets 2
1269,林肯律师 The Lincoln Lawyer
1270,愚行录 愚行録
1271,孔子
1272,鸣梁海战 명량
1273,女主角失格 ヒロイン失格
1274,名侦探柯南：沉默的十五分钟 名探偵コナン 沈黙の15分
1275,警戒结束 End of Watch
1276,我的少女时代 我的少女時代
1277,白雪公主之魔镜魔镜 Mirror Mirror
1278,忍者神龟：变种时代 Teenage Mutant Ninja Turtles
1279,二十 스물
1280,降魔传
1281,魔法师的学徒 The Sorcerer's Apprentice
1282,生化危机5：惩罚 Resident Evil: Retribution
1283,疯狂的外星人
1284,我是谁：没有绝对安全的系统 Who Am I - Kein System ist sicher
1285,摘金奇缘 Crazy Rich Asians
1286,侏罗纪世界 Jurassic World
1287,少年菀得 완득이
1288,情圣
1289,安非他命
1290,美国队长 Captain America: The First Avenger
1291,飞虎出征 飛虎出征
1292,人类清除计划2：无政府状态 The Purge: Anarchy
1293,突袭2：暴徒 The Raid 2: Berandal
1294,奋斗
1295,弗兰西丝·哈 Frances Ha
1296,喜羊羊与灰太狼之飞马奇遇记
1297,受益人
1298,弗兰克 Frank
1299,"蝙蝠侠：黑暗骑士归来(下) Batman: The Dark Knight Returns, Part 2"
1300,愚人节 エイプリルフールズ
1301,伸冤人 The Equalizer
1302,他是龙 Он - дракон
1303,泰迪熊2 Ted 2
1304,荡寇风云
1305,星际迷航3：超越星辰 Star Trek Beyond
1306,编舟记 舟を編む
1307,假装情侣
1308,斯诺登 Snowden
1309,生吃 Grave
1310,侏罗纪世界2 Jurassic World: Fallen Kingdom
1311,丧尸乐园2 Zombieland: Double Tap
1312,分手合约
1313,金鸡SSS 金雞SSS
1314,一九四二
1315,反贪风暴2 S風暴
1316,辉夜姬物语 かぐや姫の物語
1317,无处可逃 The Company You Keep
1318,后裔 The Descendants
1319,"卧虎藏龙：青冥宝剑 Crouching Tiger, Hidden Dragon: Sword of Destiny"
1320,登堂入室 Dans la maison
1321,死亡录像3：创世纪 [REC]³ Génesis
1322,脱单告急
1323,随波逐流 Just Go with It
1324,跳舞吧！大象
1325,第七子：降魔之战 Seventh Son
1326,小姐 아가씨
1327,银行匪帮 Takers
1328,晚秋 만추
1329,分手说爱你 分手說愛你
1330,倾国之恋 W.E.
1331,SPEC：翔 SPEC〜翔〜
1332,天气之子 天気の子
1333,洛杉矶之战 Battle: Los Angeles
1334,协商 협상
1335,妖猫传
1336,未择之路
1337,超时空同居
1338,摇摆狂潮 스윙키즈
1339,反叛的童谣 Revolting Rhymes
1340,寻找金钟旭 김종욱 찾기
1341,燃烧女子的肖像 Portrait de la jeune fille en feu
1342,金色梦乡 ゴールデンスランバー
1343,航海王之黄金城 ONE PIECE FILM GOLD
1344,摄影机不要停！ カメラを止めるな！
1345,速度与激情：特别行动 Fast & Furious Presents: Hobbs & Shaw
1346,那年夏天你去了哪里
1347,我的特工爷爷 特工爺爺
1348,寒战2 寒戰II
1349,惊奇队长 Captain Marvel
1350,追捕
1351,兰戈 Rango
1352,世界尽头 The World's End
1353,在这世界的角落 この世界の片隅に
1354,恋爱通告
1355,小熊维尼 Winnie the Pooh
1356,神奇队长 Captain Fantastic
1357,方形 The Square
1358,黄金大劫案
1359,战马 War Horse
1360,菲利普船长 Captain Phillips
1361,猎凶风河谷 Wind River
1362,地久天长
1363,花与爱丽丝杀人事件 花とアリス殺人事件
1364,秘密特工 The Man from U.N.C.L.E.
1365,天生爱情狂 天生愛情狂
1366,名侦探柯南：天空的遇难船 名探偵コナン 天空の難破船
1367,一夜惊喜
1368,倭寇的踪迹
1369,日照重庆
1370,当你熟睡 Mientras duermes
1371,生化危机：诅咒 バイオハザード ダムネーション
1372,祈祷落幕时 祈りの幕が下りる時
1373,女巫季节 Season of the Witch
1374,科学怪狗 Frankenweenie
1375,金钱世界 All the Money in the World
1376,我在雨中等你 The Art of Racing in the Rain
1377,白日梦想家 The Secret Life of Walter Mitty
1378,变身超人 變身
1379,低俗喜剧 低俗喜劇
1380,奥林匹斯的陷落 Olympus Has Fallen
1381,越来越好之村晚
1382,史蒂夫·乔布斯 Steve Jobs
1383,逃出绝命镇 Get Out
1384,完美陌生人(西班牙版) Perfectos desconocidos
1385,帝一之国 帝一の國
1386,少年班
1387,初恋这首情歌 Sing Street
1388,45周年 45 Years
1389,电锯惊魂8：竖锯 Jigsaw
1390,电梯里的恶魔 Devil
1391,灵魂战车2：复仇时刻 Ghost Rider: Spirit of Vengeance
1392,攀登者
1393,皇家酒店谋杀案 Bad Times at the El Royale
1394,冬天的骨头 Winter's Bone
1395,新天生一对
1396,卡罗尔 Carol
1397,硬核亨利 Хардкор
1398,武林怪兽
1399,敢死队3 The Expendables 3
1400,吸血鬼猎人林肯 Abraham Lincoln: Vampire Hunter
1401,使徒行者2：谍影行动
1402,逃亡乐队 The Runaways
1403,克隆人 Replicas
1404,逗鸟外传：萌宝满天飞 Storks
1405,熊出没之夺宝熊兵
1406,登月第一人 First Man
1407,金蝉脱壳2：冥府 Escape Plan 2: Hades
1408,奎迪：英雄再起 Creed II
1409,一天 One Day
1410,勇者行动 Act of Valor
1411,快把我哥带走
1412,热血高校3 クローズEXPLODE
1413,罗马情缘 When in Rome
1414,女汉子真爱公式
1415,银魂2 銀魂2 掟は破るためにこそある
1416,乔乔的异想世界 Jojo Rabbit
1417,声之形 聲の形
1418,小妇人 Little Women
1419,英雄本色2018
1420,偶滴神啊 OMG: Oh My God!
1421,华盛顿邮报 The Post
1422,阳光姐妹淘 SUNNY 強い気持ち・強い愛
1423,交响情人梦 最终乐章 后篇 のだめカンタービレ 最終楽章 後編
1424,开心魔法
1425,变身特工 Spies in Disguise
1426,月光男孩 Moonlight
1427,大空头 The Big Short
1428,白头山 백두산
1429,匹夫
1430,忠爱无言
1431,大明猩 미스터 고
1432,愤怒的小鸟2 The Angry Birds Movie 2
1433,阳台上
1434,家族之苦 家族はつらいよ
1435,极品飞车 Need for Speed
1436,港囧
1437,暮色大电影 Vampires Suck
1438,扫毒 掃毒
1439,伸冤人2 The Equalizer 2
1440,在路上 On the Road
1441,动物世界
1442,精英部队2：大敌当前 Tropa de Elite 2 - O Inimigo Agora É Outro
1443,世界末日 This is the End
1444,终结者：创世纪 Terminator Genisys
1445,神奇动物：格林德沃之罪 Fantastic Beasts: The Crimes of Grindelwald
1446,巴霍巴利王：开端 Baahubali: The Beginning
1447,冈仁波齐
1448,杰出公民 El ciudadano ilustre
1449,在我入睡前 Before I Go to Sleep
1450,鲨海 47 Meters Down
1451,人类清除计划3 The Purge: Election Year
1452,上帝保佑美国 God Bless America
1453,人间·小团圆 香港仔
1454,小丑回魂 It
1455,纽约纽约
1456,创：战纪 TRON: Legacy
1457,赛车总动员3：极速挑战 Cars 3
1458,家和万事惊 家和萬事驚
1459,海扁王 Kick-Ass
1460,极限挑战之皇家宝藏
1461,蝙蝠侠大战超人：正义黎明 Batman v Superman: Dawn of Justice
1462,101次求婚
1463,念念手纪 君の膵臓をたべたい
1464,全城高考
1465,少年时代 Boyhood
1466,单身日记：好孕来袭 Bridget Jones's Baby
1467,这时对那时错 지금은맞고그때는틀리다
1468,二代妖精之今生有幸
1469,疾速特攻 John Wick: Chapter 2
1470,冰雪奇缘2 Frozen II
1471,恶棍天使
1472,饭局也疯狂
1473,航海王：狂热行动 ONE PIECE STAMPEDE
1474,饥饿站台 El hoyo
1475,女间谍 Spy
1476,疯狂外星人 Home
1477,妈妈咪呀2 Mamma Mia! Here We Go Again
1478,自闭历程 Temple Grandin
1479,天上再见 Au revoir là-haut
1480,三夫
1481,夏目友人帐 劇場版 夏目友人帳 ～うつせみに結ぶ～
1482,浪客剑心：京都大火篇 るろうに剣心 京都大火編
1483,魔术师 L'illusionniste
1484,总统杀局 The Ides of March
1485,剧院魅影：25周年纪念演出 The Phantom of the Opera at the Royal Albert Hall
1486,白鹿原
1487,宝莱坞机器人之恋 Endhiran
1488,财神客栈 財神客棧
1489,大魔术师 大魔術師
1490,闺蜜
1491,苏乞儿 蘇乞兒
1492,大话西游3
1493,僵尸世界大战 World War Z
1494,小门神
1495,钟馗伏魔：雪妖魔灵
1496,横道世之介
1497,低压槽：欲望之城 低壓槽
1498,想爱就爱2 Yes or no 2 รักไม่รัก อย่ากั๊กเลย
1499,像素大战 Pixels
1500,江南1970 강남 1970
1501,致命黑兰 Colombiana
1502,我是女王
1503,形影不离
1504,人间中毒 인간중독
1505,噩梦娃娃屋 Ghostland
1506,说来有点可笑 It's Kind of a Funny Story
1507,将来的事 L'avenir
1508,星际特工：千星之城 Valérian and the City of a Thousand Planets
1509,早间主播 Morning Glory
1510,命运之夜——天之杯II ：迷失之蝶 劇場版Fate/stay night Heaven's Feel II.lost butterfly
1511,枪王之王
1512,初恋红豆冰
1513,犬之岛 Isle of Dogs
1514,原钻 Uncut Gems
1515,隐秘而伟大 은밀하게 위대하게
1516,志明与春娇 志明與春嬌
1517,胜者即是正义 2014SP リーガルハイ・スペシャル
1518,我的美女老板
1519,奔跑吧！兄弟
1520,人类清除计划4 The First Purge
1521,春宵苦短，少女前进吧！ 夜は短し歩けよ乙女
1522,大师兄 大師兄
1523,幕后玩家
1524,速度与激情8 The Fate of the Furious
1525,超级八 Super 8
1526,不惧风暴 Into the Storm
1527,赵氏孤儿
1528,泰山归来：险战丛林 The Legend of Tarzan
1529,摩登年代
1530,高手们 기술자들
1531,奶奶强盗团 육혈포강도단
1532,SPEC：天 劇場版 SPEC〜天〜
1533,鸡皮疙瘩 Goosebumps
1534,娑婆诃 사바하
1535,一个人的武林
1536,给桃子的信 ももへの手紙
1537,窗台上的男人 Man on a Ledge
1538,醉后一夜
1539,两男变错身 The Change-Up
1540,乐高大电影 The Lego Movie
1541,"爱你，罗茜 Love, Rosie"
1542,银魂完结篇：直到永远的万事屋 劇場版 銀魂 完結篇 万事屋よ永遠なれ
1543,杀戮都市 GANTZ
1544,"疯狂愚蠢的爱 Crazy, Stupid, Love"
1545,朱迪 Judy
1546,绣春刀II：修罗战场
1547,森林战士 Epic
1548,五尺天涯 Five Feet Apart
1549,捉妖记
1550,极限特工3：终极回归 xXx: Return of Xander Cage
1551,伦敦陷落 London Has Fallen
1552,碟中谍4 Mission: Impossible - Ghost Protocol
1553,既然青春留不住
1554,"屠魔战士 I, Frankenstein"
1555,想爱就爱 อยากรัก ก็รักเลย
1556,肆式青春 詩季織々
1557,隧道 터널
1558,中邪
1559,大上海
1560,欲望都市2 Sex and the City 2
1561,举起手来2：追击阿多丸号
1562,蒙上你的眼 Bird Box
1563,007：大破天幕杀机 Skyfall
1564,迷镇凶案 Suburbicon
1565,宠物情人 너는 펫
1566,妈阁是座城
1567,何以笙箫默
1568,赤焰战场 Red
1569,追爱大布局 愛情無全順
1570,邻家特工 The Spy Next Door
1571,9号秘事 万圣节特别篇 Inside No. 9  Dead Line
1572,谁的青春不迷茫
1573,的士速递5 Taxi 5
1574,美国行动 American Made
1575,六弄咖啡馆
1576,魔法老师 Absolutely Anything
1577,不再让你孤单
1578,我身体里的那个家伙 내안의 그놈
1579,我愿意
1580,别惹我 Malavita
1581,绣春刀
1582,蓝色情人节 Blue Valentine
1583,谋杀似水年华
1584,三人行
1585,狄仁杰之通天帝国
1586,共助 공조
1587,忍者神龟2：破影而出 Teenage Mutant Ninja Turtles: Out of the Shadows
1588,老笠
1589,极限逃生 엑시트
1590,国家破产之日 국가부도의 날
1591,捉迷藏
1592,使徒行者
1593,仲夏夜惊魂 Midsommar
1594,暮光之城4：破晓(上) The Twilight Saga: Breaking Dawn - Part 1
1595,平常的心 The Normal Heart
1596,反贪风暴 Z風暴
1597,痞子英雄2：黎明升起 痞子英雄2：黎明再起
1598,行骗天下JP：浪漫篇 コンフィデンスマンJP
1599,坏蛋必须死
1600,罪人 Den skyldige
1601,福音战士新剧场版：Q ヱヴァンゲリヲン新劇場版：Q
1602,推销员 فروشنده
1603,东北往事之破马张飞
1604,铁娘子：坚固柔情 The Iron Lady
1605,师父
1606,奔爱
1607,车在囧途
1608,雷霆沙赞！ Shazam!
1609,女性瘾者：第一部 Nymphomaniac: Volume I
1610,关灯后 Lights Out
1611,约会之夜 Date Night
1612,麦兜·当当伴我心 麥兜‧噹噹伴我心
1613,第一滴血5：最后的血 Rambo: Last Blood
1614,迷幻 Trance
1615,寄生虫 기생충
1616,证人 증인
1617,绣花鞋
1618,太空救援 Салют-7
1619,艾利之书 The Book of Eli
1620,如梦
1621,复仇者联盟3：无限战争 Avengers: Infinity War
1622,小红帽 Red Riding Hood
1623,三城记
1624,遇见你真好
1625,老炮儿
1626,副作用 Side Effects
1627,被光抓走的人
1628,生命之树 The Tree of Life
1629,刀剑神域：序列之争 劇場版 ソードアート・オンライン -オーディナル・スケール-
1630,宝贝儿
1631,超脑48小时 Criminal
1632,外公芳龄38
1633,泄密者 洩密者們
1634,杀戮都市：O GANTZ:O
1635,无所不能 Kaabil
1636,深夜食堂
1637,熊出没之雪岭熊风
1638,妖铃铃
1639,阿丽塔：战斗天使 Alita: Battle Angel
1640,铤而走险
1641,坏种 The Bad Seed
1642,熊出没·原始时代
1643,星球大战9：天行者崛起 Star Wars: The Rise of Skywalker
1644,陈情令之生魂
1645,22英里 Mile 22
1646,狼图腾
1647,艾特熊和赛娜鼠 Ernest et Célestine
1648,爱疯了 Like Crazy
1649,妇女参政论者 Suffragette
1650,公牛历险记 Ferdinand
1651,蓝精灵 The Smurfs
1652,太极侠 Man of Tai Chi
1653,京城81号
1654,忠烈杨家将
1655,心房客 Asphalte
1656,雷神 Thor
1657,环形使者 Looper
1658,宿醉3 The Hangover Part III
1659,钱学森
1660,自杀小队：严厉惩罚 Suicide Squad: Hell to Pay
1661,夺命金 奪命金
1662,嗜血破晓 Daybreakers
1663,生人勿进(美版) Let Me In
1664,老爸102岁 102 Not Out
1665,爸爸去哪儿2
1666,地球最后的夜晚
1667,远距离爱情 Going the Distance
1668,烈日灼心
1669,硬汉2：奉陪到底
1670,惊声尖笑5 Scary Movie 5
1671,华尔街：金钱永不眠 Wall Street: Money Never Sleeps
1672,付出与收获 Pain & Gain
1673,临时同居 失戀急讓
1674,白蛇：缘起
1675,机械师2：复活 Mechanic: Resurrection
1676,素人特工
1677,飞鹰艾迪 Eddie the Eagle
1678,沦落人 淪落人
1679,精灵旅社3：疯狂假期 Hotel Transylvania 3: Summer Vacation
1680,危险关系
1681,招魂2 The Conjuring 2
1682,一代宗师 一代宗師
1683,一条狗的使命 A Dog's Purpose
1684,赛德克·巴莱(下)：彩虹桥 賽德克·巴萊(下)彩虹橋
1685,创可贴 반창꼬
1686,去年冬天与你分手 去年の冬、きみと別れ
1687,绿区 Green Zone
1688,被偷走的那五年
1689,爱宠大机密 The Secret Life of Pets
1690,生化危机：终章 Resident Evil: The Final Chapter
1691,铜雀台
1692,羞耻 Shame
1693,宠儿 The Favourite
1694,女性瘾者：第二部 Nymphomaniac: Volume II
1695,关键第四号 I Am Number Four
1696,斗士 The Fighter
1697,东风雨
1698,地心引力 Gravity
1699,南方车站的聚会
1700,冷战 Zimna wojna
1701,后宫：帝王之妾 후궁: 제왕의 첩
1702,高跟鞋先生
1703,巴斯特·斯克鲁格斯的歌谣 The Ballad of Buster Scruggs
1704,钢铁苍穹 Iron Sky
1705,我配不上她 She's Out of My League
1706,圣杯神器：骸骨之城 The Mortal Instruments: City of Bones
1707,理查德·朱维尔的哀歌 Richard Jewell
1708,大奥
1709,涉外大饭店 The Best Exotic Marigold Hotel
1710,婚前试爱 婚前試愛
1711,胡佛 J. Edgar
1712,名侦探柯南：远海的侦探 名探偵コナン 絶海の探偵
1713,命运规划局 The Adjustment Bureau
1714,熊出没·变形记
1715,玩命追踪 Blitz
1716,大而不倒 Too Big to Fail
1717,局内人 내부자들
1718,金刚狼3：殊死一战 Logan
1719,燃情主厨 Burnt
1720,破·局
1721,麻烦家族
1722,怪形前传 The Thing
1723,我唾弃你的坟墓2 I Spit on Your Grave 2
1724,杀手欧阳盆栽
1725,大武生
1726,吐司 Toast
1727,露水红颜
1728,西虹市首富
1729,死侍2：我爱我家 Deadpool 2
1730,浮城谜事
1731,危情三日 The Next Three Days
1732,单身男女2 單身男女II
1733,季春奶奶 계춘할망
1734,无处可逃 No Escape
1735,勇敢者游戏2：再战巅峰 Jumanji: The Next Level
1736,京城81号2 京城81号Ⅱ
1737,天龙特攻队 The A-Team
1738,一生一世
1739,影
1740,“大”人物
1741,精武风云·陈真 精武風雲·陳真
1742,杀死汝爱 Kill Your Darlings
1743,寻龙诀
1744,第一次
1745,名侦探柯南：第十一名前锋 名探偵コナン 11人目のストライカー
1746,我是杀人犯 내가 살인범이다
1747,昨日青空
1748,香肠派对 Sausage Party
1749,盛夏的方程式 真夏の方程式
1750,饥饿游戏2：星火燎原 The Hunger Games: Catching Fire
1751,猎杀星期一 What Happened to Monday?
1752,找到你
1753,若能与你共乘海浪之上 きみと、波にのれたら
1754,黑色党徒 BlacKkKlansman
1755,独行侠 The Lone Ranger
1756,蚁人 Ant-Man
1757,四大名捕2
1758,狂暴飞车 Drive Angry 3D
1759,霹雳娇娃 Charlie's Angels
1760,银魂剧场版：新译红樱篇 劇場版 銀魂 新訳紅桜篇
1761,黄海 황해
1762,秘果
1763,热浴盆时光机 Hot Tub Time Machine
1764,攻壳机动队 Ghost in the Shell
1765,喜羊羊与灰太狼之虎虎生威
1766,南极之恋
1767,红雀 Red Sparrow
1768,触不可及
1769,浪矢解忧杂货店 ナミヤ雑貨店の奇蹟
1770,敢死队2 The Expendables 2
1771,宫锁沉香
1772,我想和你好好的
1773,催眠·裁决 催眠裁決
1774,杀破狼·贪狼 殺破狼‧貪狼
1775,魔法黑森林 Into the Woods
1776,与时尚同居
1777,建筑学概论 건축학 개론
1778,美女与野兽 Beauty and the Beast
1779,暴力街区 Brick Mansions
1780,龙虾 The Lobster
1781,笑功震武林
1782,朝圣之路 The Way
1783,私奔B计划 Un plan parfait
1784,海底总动员2：多莉去哪儿 Finding Dory
1785,河东狮吼2
1786,我能说 아이 캔 스피크
1787,幻体：续命游戏 Self/less
1788,一座城池
1789,记忆大师
1790,人类清除计划 The Purge
1791,武林外传
1792,新少林寺
1793,赛车总动员2 Cars 2
1794,再见我们的幼儿园 さよならぼくたちのようちえん
1795,那些年，我们一起追的女孩 那些年，我們一起追的女孩
1796,完美音调2 Pitch Perfect 2
1797,宠爱
1798,冰川时代4 Ice Age: Continental Drift
1799,守护者联盟 Rise of the Guardians
1800,死神来了5 Final Destination 5
1801,哥 형
1802,龙门飞甲
1803,浪客剑心：传说的完结篇 るろうに剣心 伝説の最期編
1804,非凡任务
1805,大武当之天地密码
1806,沃伦 Wołyń
1807,我最好朋友的婚礼
1808,哆啦A梦：伴我同行 STAND BY ME ドラえもん
1809,爱 愛
1810,影子写手 The Ghost Writer
1811,百鸟朝凤
1812,丈夫得了抑郁症 ツレがうつになりまして。
1813,准备好了没 Ready or Not
1814,诛仙1 诛仙 Ⅰ
1815,一出好戏
1816,青春派
1817,分手信 Dear John
1818,不明身份 Unknown
1819,赤道
1820,神奇女侠 Wonder Woman
1821,天亮之前
1822,命中注定
1823,谍影特工 The November Man
1824,风语咒
1825,人间喜剧 人間喜劇
1826,一条狗的回家路 A Dog's Way Home
1827,花田喜事2010 花田囍事2010
1828,饮食男女-好远又好近
1829,"如晴天，似雨天 Like Sunday, Like Rain"
1830,地心历险记2：神秘岛 Journey 2: The Mysterious Island
1831,地心营救 The 33
1832,前度
1833,铁雨 강철비
1834,贼巢 Den of Thieves
1835,伤心童话
1836,玻璃先生 Glass
1837,绯闻计划 Easy A
1838,海市蜃楼 Durante la tormenta
1839,商海通牒 Margin Call
1840,全面回忆 Total Recall
1841,明日边缘 Edge of Tomorrow
1842,母亲！ Mother!
1843,花滑女王 Лёд
1844,沉睡魔咒 Maleficent
1845,万物理论 The Theory of Everything
1846,赏金猎人
1847,爸爸去哪儿
1848,亚瑟王：斗兽争霸 King Arthur: Legend of the Sword
1849,机器之血
1850,裁缝 The Dressmaker
1851,五十度飞 Fifty Shades Freed
1852,寄宿学校 Boarding School
1853,首尔站 서울역
1854,蛋炒饭
1855,无主之作 Werk ohne Autor
1856,黑夜传说5：血战 Underworld: Blood Wars
1857,红酒烩鸡 Kokowääh
1858,心理罪
1859,我是你妈
1860,欢乐喜剧人
1861,决战食神
1862,恩娇 은교
1863,狐狸猎手 Foxcatcher
1864,宝贝老板 The Boss Baby
1865,催眠大师
1866,死亡实验 The Experiment
1867,与神同行2：因与缘 신과함께-인과 연
1868,太平轮(上)
1869,岳父岳母真难当 Qu'est-ce qu'on a fait au Bon Dieu?
1870,西游降魔篇
1871,功夫瑜伽
1872,HOLD住爱
1873,十二公民
1874,了不起的菲丽西 Ballerina
1875,焦土之城 Incendies
1876,X战警：黑凤凰 Dark Phoenix
1877,特警判官 Dredd
1878,黑镜：潘达斯奈基 Black Mirror: Bandersnatch
1879,辛亥革命
1880,冬眠 Kış Uykusu
1881,青春失乐园
1882,情敌复仇战 The Other Woman
1883,蜘蛛侠：英雄远征 Spider-Man: Far from Home
1884,百团大战
1885,"喜欢，轻吻，快跑 Plaire, aimer et courir vite"
1886,我的一级兄弟 나의 특별한 형제
1887,冲天火
1888,花容月貌 Jeune & Jolie
1889,活埋 Buried
1890,记住我 Remember Me
1891,少年斯派维的奇异旅行 The Young and Prodigious T.S. Spivet
1892,听说桐岛要退部 桐島、部活やめるってよ
1893,罗马 Roma
1894,愤怒的小鸟 Angry Birds
1895,忌日快乐 Happy Death Day
1896,检察方的罪人 検察側の罪人
1897,解除好友 Unfriended
1898,惊涛飓浪 Adrift
1899,艺术家 The Artist
1900,超新约全书 Le tout nouveau testament
1901,煎饼侠
1902,绝密跟踪 감시자들
1903,隐藏人物 Hidden Figures
1904,一呼一吸 Breathe
1905,为奴十二年 12 Years a Slave
1906,宿敌 Enemy
1907,万物生长
1908,夜间飞行 야간비행
1909,幸运是我 幸運是我
1910,她不知道名字的那些鸟儿 彼女がその名を知らない鳥たち
1911,救命解药 A Cure for Wellness
1912,盲证 블라인드
1913,至爱梵高·星空之谜 Loving Vincent
1914,一个母亲的复仇 Mom
1915,特警队
1916,我是路人甲
1917,通勤营救 The Commuter
1918,污垢 Filth
1919,"名侦探柯南：章节ONE 变小的名侦探 名探偵コナン エピソード ""ONE"" 小さくなった名探偵"
1920,功夫小蝇 Eega
1921,反转人生
1922,猩球崛起3：终极之战 War for the Planet of the Apes
1923,道士下山
1924,回到爱开始的地方
1925,奇迹 奇跡
1926,移动迷宫3：死亡解药 Maze Runner: The Death Cure
1927,不可饶恕 용서는 없다
1928,夏有乔木 雅望天堂
1929,冥界警局 R.I.P.D.
1930,羞羞的铁拳
1931,杜拉拉升职记
1932,暴雪将至
1933,危楼愚夫 Дурак
1934,尊严殖民地 Colonia
1935,穿裘皮的维纳斯 La Vénus à la fourrure
1936,游戏人生 零 ノーゲーム・ノーライフ ゼロ
1937,灾难艺术家 The Disaster Artist
1938,东京家族 東京家族
1939,比得兔 Peter Rabbit
1940,瞒天过海：美人计 Ocean's Eight
1941,撞死了一只羊
1942,名侦探柯南：绀青之拳 名探偵コナン 紺青の拳
1943,北京遇上西雅图
1944,欢乐好声音 Sing
1945,不成问题的问题
1946,机器纪元 Autómata
1947,寄生兽 寄生獣
1948,踏血寻梅 踏血尋梅
1949,西风烈
1950,近在咫尺的爱恋
1951,叶问4：完结篇 葉問4
1952,别告诉她 The Farewell
1953,女朋友，男朋友 女朋友○男朋友
1954,花漾
1955,我老公不靠谱 我老婆唔够秤II：我老公唔生性
1956,掠食城市 Mortal Engines
1957,龙珠超：布罗利 ドラゴンボール超 ブロリー
1958,德鲁大叔 Uncle Drew
1959,祖宗十九代
1960,魔弦传说 Kubo and the Two Strings
1961,斯隆女士 Miss Sloane
1962,好想告诉你 君に届け
1963,爱在记忆消逝前 The Leisure Seeker
1964,合约男女
1965,神奇四侠2015 Fantastic Four
1966,柳烈的音乐专辑 유열의 음악앨범
1967,王牌贱谍：格林斯比 The Brothers Grimsby
1968,隐婚男女
1969,铁拳 Southpaw
1970,烟花 打ち上げ花火、下から見るか？横から見るか？
1971,极速风流 Rush
1972,谜城
1973,昼颜 昼顔
1974,玛丽与魔女之花 メアリと魔女の花
1975,特种部队2：全面反击 G.I. Joe: Retaliation
1976,星际传奇3 Riddick
1977,锦衣卫
1978,溺水小刀 溺れるナイフ
1979,"两天一夜 Deux jours, une nuit"
1980,谁先爱上他的 誰先愛上他的
1981,嫌疑人 용의자
1982,独自在夜晚的海边 밤의 해변에서 혼자
1983,喜羊羊与灰太狼之兔年顶呱呱
1984,杀人优越权 브이아이피
1985,与君相恋100次 君と100回目の恋
1986,摩天轮 Wonder Wheel
1987,杜拉拉追婚记
1988,海绵宝宝 The SpongeBob Movie: Sponge Out of Water
1989,鲛珠传
1990,28岁未成年
1991,阴风阵阵 Suspiria
1992,目击者之追凶 目擊者
1993,好朋友们 좋은 친구들
1994,正义联盟：闪点悖论 Justice League: The Flashpoint Paradox
1995,比悲伤更悲伤的故事 比悲傷更悲傷的故事
1996,走到尽头 끝까지 간다
1997,全城通缉
1998,波西·杰克逊与神火之盗 Percy Jackson & the Olympians: The Lightning Thief
1999,偷书贼 The Book Thief
2000,"我，花样女王 I, Tonya"
2001,剑雨
2002,哈利·波特与死亡圣器(上) Harry Potter and the Deathly Hallows: Part 1
2003,玩命速递：重启之战 The Transporter Refueled
2004,杨门女将之军令如山
2005,捕蝇纸 Flypaper
2006,超能查派 Chappie
2007,观音山
2008,冲上云霄 衝上雲霄
2009,冰封：重生之门
2010,毒液：致命守护者 Venom
2011,天际浩劫 Skyline
2012,骡子 The Mule
2013,死无对证 Il testimone invisibile
2014,恐龙当家 The Good Dinosaur
2015,伦敦一家人 Ethel & Ernest
2016,情人节 Valentine's Day
2017,德古拉元年 Dracula Untold
2018,西小河的夏天
2019,女孩 Girl
2020,喊·山
2021,12金鸭 12金鴨
2022,遗传厄运 Hereditary
2023,阿德尔曼夫妇 Monsieur & Madame Adelman
2024,神秘巨星 Secret Superstar
2025,军中乐园 軍中樂園
2026,阿修罗 아수라
2027,新哥斯拉 シン・ゴジラ
2028,环太平洋 Pacific Rim
2029,逆时营救
2030,你是凶手
2031,抗癌的我 50/50
2032,魅影缝匠 Phantom Thread
2033,好莱坞往事 Once Upon a Time... in Hollywood
2034,军舰岛 군함도
2035,惊天魔盗团 Now You See Me
2036,奇异博士 Doctor Strange
2037,麦兜·我和我妈妈 麥兜‧我和我媽媽
2038,橘色奇迹 orange オレンジ
2039,圣殇 피에타
2040,陪安东尼度过漫长岁月
2041,恐袭波士顿 Patriots Day
2042,栀子花开
2043,命运之夜——天之杯：恶兆之花 劇場版「Fate/stay night」Heaven's Feel - I. presage flower
2044,吹哨人
2045,恶人 悪人
2046,阿修罗 アシュラ
2047,超级快递
2048,内布拉斯加 Nebraska
2049,29+1
2050,周末时光 Weekend
2051,圆梦巨人 The BFG
2052,紫罗兰永恒花园外传：永远与自动手记人偶 ヴァイオレット・エヴァーガーデン 外伝 - 永遠と自動手記人形 -
2053,伯德小姐 Lady Bird
2054,龙纹身的女孩 The Girl with the Dragon Tattoo
2055,奎迪 Creed
2056,X战警：逆转未来 X-Men: Days of Future Past
2057,吾栖之肤 La piel que habito
2058,美好的意外
2059,林中小屋 The Cabin in the Woods
2060,瑞普·凡·温克尔的新娘 リップヴァンウィンクルの花嫁
2061,爱在罗马 To Rome with Love
2062,邻居同居 L♡DK
2063,神探夏洛克：最后的誓言 Sherlock: His Last Vow
2064,解除好友2：暗网 Unfriended: Dark Web
2065,坏老师 Bad Teacher
2066,巴黎假期
2067,怪物史瑞克4 Shrek Forever After
2068,恋爱的温度 연애의 온도
2069,小男孩 Little Boy
2070,托尼·厄德曼 Toni Erdmann
2071,唐山大地震
2072,致命伴旅 The Tourist
2073,一个勺子
2074,隔绝 The Divide
2075,假小子 Tomboy
2076,浮城大亨 浮城
2077,整编特工 Killers
2078,小飞象 Dumbo
2079,21克拉
2080,无法无天 Lawless
2081,平原上的夏洛克
2082,美国动物 American Animals
2083,刺客信条 Assassin's Creed
2084,我和厄尔以及将死的女孩 Me and Earl and the Dying Girl
2085,猎杀本·拉登 Zero Dark Thirty
2086,唐璜 Don Jon
2087,绑架者
2088,激战 激戰
2089,诗 시
2090,少年的你
2091,萨利机长 Sully
2092,敢死队 The Expendables
2093,魁拔Ⅲ战神崛起
2094,中国机长
2095,心花路放
2096,再见，在也不见 再見，在也不見
2097,金福南杀人事件始末 김복남 살인사건의 전말
2098,流感 감기
2099,落魄大厨 Chef
2100,我唾弃你的坟墓 I Spit on Your Grave
2101,猎头游戏 Hodejegerne
2102,结婚礼服 웨딩드레스
2103,龙凤店
2104,300勇士：帝国崛起 300: Rise of an Empire
2105,街角洋果子店 洋菓子店コアンドル
2106,银魂 銀魂
2107,二次曝光
2108,谍影重重5 Jason Bourne
2109,汽车人总动员
2110,完美音调 Pitch Perfect
2111,一场风花雪月的事
2112,我的新野蛮女友 엽기적인 그녀 2
2113,昆池岩 곤지암
2114,我的名字叫可汗 My Name Is Khan
2115,边境杀手2：边境战士 Sicario: Day of the Soldado
2116,宣告黎明的露之歌 夜明け告げるルーのうた
2117,怒海救援 The Finest Hours
2118,小飞侠：幻梦启航 Pan
2119,分手再说我爱你
2120,樱桃小丸子：来自意大利的少年 ちびまる子ちゃん イタリアから来た少年
2121,蓝精灵2 The Smurfs 2
2122,妈妈 Mama
2123,李茶的姑妈
2124,星空
2125,高楼大劫案 Tower Heist
2126,破碎人生 Demolition
2127,叶问3
2128,摩天营救 Skyscraper
2129,鸟人 Birdman or (The Unexpected Virtue of Ignorance)
2130,她 Elle
2131,重返地球 After Earth
2132,"盗梦特攻队 Ruben Brandt, a gyüjtö"
2133,囚徒 Prisoners
2134,鬼魅浮生 A Ghost Story
2135,全城戒备 全城戒備
2136,神偷奶爸2 Despicable Me 2
2137,天将雄师
2138,全球风暴 Geostorm
2139,月光光心慌慌 Halloween
2140,藏身之所 Safe House
2141,梅子鸡之味 Poulet aux prunes
2142,哆啦A梦：大雄的月球探险记 映画ドラえもん のび太の月面探査記
2143,保持沉默
2144,最爽的一天 Der geilste Tag
2145,风暴 風暴
2146,舞出我人生3 Step Up 3D
2147,三个火枪手 The Three Musketeers
2148,老手 베테랑
2149,雪人奇缘 Abominable
2150,移动迷宫 The Maze Runner
2151,莫斯科陷落 Притяжение
2152,中国城 차이나타운
2153,狄仁杰之神都龙王
